100203,Almora,Uttarakhand,UK,India,IN
100263,Ahmedabad,Gujarat,GJ,India,IN
100273,Aizawl,Mizoram,MZ,India,IN
100307,Allahabad,Uttar Pradesh,UP,India,IN
100363,Ahmednagar,Maharashtra,MH,India,IN
100420,Aligarh,Uttar Pradesh,UP,India,IN
100578,Agatti,Lakshadweep,LD,India,IN
100589,Agra,Uttar Pradesh,UP,India,IN
100667,Agartala,Tripura,TR,India,IN
100686,Ajabgarh,Rajasthan,RJ,India,IN
100689,Akola,Maharashtra,MH,India,IN
100797,Ahmedpur Mandvi,Gujarat,GJ,India,IN
100804,Ajmer,Rajasthan,RJ,India,IN
100881,Ambala,Haryana,HR,India,IN
101068,Arrosim Beach,Goa,GA,India,IN
101128,Amravati,Maharashtra,MH,India,IN
101129,Amritsar,Punjab,PB,India,IN
101146,Anjuna,Goa,GA,India,IN
101147,Ankleshwar,Gujarat,GJ,India,IN
101204,Kochi,Kerala,KL,India,IN
101318,Bhayandar,Maharashtra ,MH,India,IN
101349,Alto Porvorim,Goa,GA,India,IN
101485,Baindur,Karnataka,KA,India,IN
101509,Gangavathi,Karnataka,KA,India,IN
101615,Adyar,Tamil Nadu,TN,India,IN
101625,Alibag,Maharashtra ,MH,India,IN
101671,Khas Nagrota,Himachal Pradesh,HP,India,IN
101696,Koti,Telangana,TG,India,IN
101849,Daund,Maharashtra ,MH,India,IN
101894,Mollem,Goa,GA,India,IN
101967,Kottivakkam,Tamil Nadu,TN,India,IN
102033,Narkanda,Himachal Pradesh,HP,India,IN
102138,Adoor,kerala,KL,India,IN
102166,Angul,Odisha,OR,India,IN
102213,Beawar,Rajasthan,RJ,India,IN
102259,Chandipur,Odisha,OR,India,IN
102287,Coochbehar,West Bengal,WB,India,IN
102310,Dharampur,Himachal Pradesh,HP,India,IN
102458,Fatehabad,Haryana ,HR,India,IN
102486,Gosaba,West Bengal,WB,India,IN
102499,Gudalur,Tamil Nadu,TN,India,IN
102512,Hebbal,Karnataka,KA,India,IN
102531,Ichalkaranji,Maharashtra,MH,India,IN
102540,Kasol,Himachal Pradesh,HP,India,IN
102545,Khandela,Rajasthan,RJ,India,IN
102599,Malayattoor,kerala,KL,India,IN
102675,Ratlam,Madhya Pradesh,MP,India,IN
102683,Renigunta,Andhra Pradesh,AP,India,IN
102750,Perambalur,Tamil Nadu,TN,India,IN
102819,Mohan,Uttar Pradesh,Up,India,IN
102834,Morbi,Gujarat,GJ,India,IN
102941,Rajakkad,Kerala,KL,India,IN
102942,Rajapalayam,Tamil Nadu,TN,India,IN
102954,Rinchenpong,Sikkim,SK,India,IN
103180,Sirsa,Haryana ,HR,India,IN
103217,Rohetgarh,Rajasthan,RJ,India,IN
103270,Perinthalmanna,Kerala,KL,India,IN
103325,Saharanpur,Uttar Pradesh,UP,India,IN
103344,Samayapuram,Tamil Nadu,TN,India,IN
103345,Sambalpur,Odisha,OR,India,IN
103346,Samode,Rajasthan,RJ,India,IN
103491,Salasar,Rajasthan,RJ,India,IN
103727,Kudal,Maharashtra,MH,India,IN
103728,Kurnool,Andhra Pradesh,AP,India,IN
103751,Lansdowne,Uttarakhand,UK,India,IN
103781,Mahad,Maharashtra,MH,India,IN
103825,Mohania,Bihar,BR,India,IN
103877,Kondotty,Kerala,KL,India,IN
103888,Kundapur,Karnataka,KA,India,IN
103931,Jalna,Maharashtra,MH,India,IN
103950,Karimnagar,Telangana,TG,India,IN
104040,McLeod Ganj,Himachal Pradesh,HP,India,IN
104092,Kalady,Kerala,KL,India,IN
104156,Mandarmoni,West Bengal,WB,India,IN
104157,Manipal,Karnataka,KA,India,IN
104260,Naggar,Himachal Pradesh,HP,India,IN
104313,Madikeri,Karnataka,KA,India,IN
104316,Mahansar,Rajasthan,RJ,India,IN
104318,Majorda,Goa,GA,India,IN
104323,Mapusa,Goa,GA,India,IN
104345,Meppadi,Kerala,KL,India,IN
104482,Mandrem,Goa,GA,India,IN
104506,Nadiad,Gujarat ,Gj,India,IN
104509,Namakkal,Tamil Nadu,Tn,India,IN
104531,Nilgiri,Tamil Nadu,TN,India,IN
104724,Arambol,Goa,GA,India,IN
104936,Dadahu,Himachal Pradesh,HP,India,IN
104946,Dhanachuli,Uttarakhand,UK,India,IN
105028,Barauni,Bihar,BR,India,IN
105046,Bharmour,Himachal Pradesh,HP,India,IN
105141,Abu Road,Rajasthan,RJ,India,IN
105159,Amer,Rajasthan,RJ,India,IN
105160,Anandpur,Punjab,PB,India,IN
105178,Athirapilly,Kerala,KL,India,IN
105188,Balangir,Odisha,OR,India,IN
105246,Chandrapur,Maharashtra ,MH,India,IN
105247,Changodar,Gujarat,GJ,India,IN
105400,Bhilai,Chhattisgarh,CT,India,IN
105482,Deoghar,Jharkhand,JH,India,IN
105541,Kuruppanthara,Kerala,KL,India,IN
105614,Jambulne,Maharashtra,MH,India,IN
105627,Junagadh,Gujarat,GJ,India,IN
105633,Kalpatta,Kerala,KL,India,IN
105648,Bhilwara,Rajasthan,RJ,India,IN
105649,Bhowali,Uttarakhand ,UK,India,IN
105699,Candolim,Goa,Ga,India,IN
105721,Champakulam,Kerala,Kl,India,IN
105734,Bhat,Gujarat,GJ,India,IN
105736,Bijainagar,Rajasthan,RJ,India,IN
105779,Dhela,Uttarakhand,UK,India,IN
105832,Guirim,Goa,GA,India,IN
105850,Hisar,Haryana ,HR,India,IN
105885,Jhadol,Rajasthan,RJ,India,IN
105896,Tiracol,Goa,GA,India,IN
105998,Darbhanga,Bihar,BR,India,IN
106006,Dhanaulti,Uttarakhand ,UK,India,IN
106010,Dindigul,tamil Nadu,TN,India,IN
106106,Giridih,Jharkhand,JH,India,IN
106131,Guntur,Andhra Pradesh,AP,India,IN
106186,Khandwa,Madhya Pradesh,MP,India,IN
106208,Cherai Beach,Kerala,KL,India,IN
106255,Devprayag,Uttarakhand,UK,India,IN
106383,Thakurdwara,Uttar Pradesh,UP,India,IN
106394,Tiruttani,Tamil Nadu,TN,India,IN
106481,Margao,Goa,GA,India,IN
106510,Mirik,West Bengal,WB,India,IN
106514,Mohali,Punjab,PB,India,IN
106556,North Paravur,Kerala,KL,India,IN
106580,Pangong Tso Lake,Jammu And Kashmir,JK,India,IN
106639,Sholayur,Kerala,KL,India,IN
106649,Singrauli,Madhya Pradesh,MP,India,IN
106650,Sirkazhi,Tamil Nadu,TN,India,IN
106651,Skara,Maharashtra ,MH,India,IN
106662,Pateri,Bihar,BR,India,IN
106663,Patiala,Punjab,PB,India,IN
106676,Phaltan,Maharashtra ,MH,India,IN
106703,Pudukkotai,Tamil Nadu,TN,India,IN
106770,Sanand,Gujarat,GJ,India,IN
106849,Trimbak,Maharashtra ,MH,India,IN
106856,Tura,Meghalaya,ML,India,IN
106898,Sitlakhet,Uttarakhand ,UK,India,IN
106955,Thodupuzha,Kerala,KA,India,IN
106958,Thumkunta,Telangana,TG,India,IN
106963,Titwala,Maharashtra,MH,India,IN
107078,Sultan Bathery,Kerala,KL,India,IN
107210,Vajrahalli,Karnataka,KA,India,IN
107226,Sitalakhet,Uttarakhand ,UK,India,IN
107250,Sri Ganganagar,Rajasthan,RJ,India,IN
107275,Sungal,Jammu Kashmir,JK,India,IN
107371,Shamshabad,Telangana,TG,India,IN
107390,Vishakapatnam,Andhra Pradesh,AP,India,IN
107391,Vizianagaram,Andhra Pradesh,AP,India,IN
107703,Wakad,Maharashtra,MH,India,IN
107754,Suratgarh,Rajasthan,RJ,India,IN
107782,Tinsukia,Assam,AS,India,IN
107855,Vasco da Gama,Goa,GA,India,IN
107887,Wandoor,Kerala,KL,India,IN
107938,Uruli Kanchan,Maharashtra,MH,India,IN
107944,Vaikom,Kerala,KL,India,IN
107957,Verem,Goa,GA,India,IN
108056,Bhagalpur,Bihar,BR,India,IN
108057,Bhuntar,Himachal Pradesh,HP,India,IN
108141,Chhindwara,Madhya Pradesh,MP,India,IN
108144,Chittorgarh,Rajasthan,RJ,India,IN
108256,Goa Velha,Goa,GA,India,IN
108265,Govardhan,Uttar Pradesh,UP,India,IN
108361,Katihar,Bihar,BR,India,IN
108369,Kihim,Maharashtra,MH,India,IN
108572,Stok,Jammu And Kashmir,JK,India,IN
108863,Dwarka,Gujarat,GJ,India,IN
109000,Bhiwadi,Rajasthan,RJ,India,IN
109093,Alwar,Rajasthan,RJ,India,IN
109167,Arcot,Tamil Nadu,TN,India,IN
109446,Anand,Gujarat,GJ,India,IN
109524,Alappuzha,Kerala,KL,India,IN
109665,Auroville,Tamil Nadu,TN,India,IN
109814,Badrinath,Uttarakhand,UK,India,IN
109872,Arpora,Goa,GA,India,IN
109973,Aronda,Maharashtra ,MH,India,IN
110041,B. R. Hills,Mizoram,MZ,India,IN
110211,Asansol,West Bengal,WB,India,IN
110248,Auli,Uttarakhand,UK,India,IN
110349,Aurangabad,Maharashtra,MH,India,IN
110358,Ayodhya,Uttar Pradesh,UP,India,IN
110425,Baratang Island,Andaman & Nicobar,AN,India,IN
110483,Ballari,Karnataka,KA,India,IN
110512,Bardez,Goa,GA,India,IN
110564,Behror,Rajasthan,RJ,India,IN
110566,Bekal,Kerala,KL,India,IN
110618,Betalbatim Beach,Goa,GA,India,IN
110640,Baga,Goa,GA,India,IN
110659,Bakkhali,West Bengal,WB,India,IN
110789,Barbil,Odisha,OR,India,IN
110851,Bandipur,Tamil Nadu,TN,India,IN
110853,Bangaram Island,Lakshadweep,LD,India,IN
110855,Baramati,Maharashtra,MH,India,IN
110977,Balrampur,Uttar Pradesh,UP,India,IN
111009,Bareilly,Uttar Pradesh,UP,India,IN
111028,Basara,Telangana,TG,India,IN
111073,Badami,Karnataka,KA,India,IN
111097,Balasinore,Gujrat,GJ,India,IN
111121,Bandhavgarh-Nationalpark,Madhya Pradesh,MP,India,IN
111124,Bengaluru,Karnataka,KA,India,IN
111142,Barmer,Rajasthan,RJ,India,IN
111195,Bharuch,Gujarat,GJ,India,IN
111196,Bhimtal,Uttarakhand,UK,India,IN
111212,Binsar,Uttarakhand,UK,India,IN
111216,Bishangarh,Rajasthan,RJ,India,IN
111264,Bomdila,Arunachal Pradesh,AP,India,IN
111292,Bhatinda,Punjab,PB,India,IN
111364,Bokkapuram,Tamil Nadu,TN,India,IN
111427,Belagavi,Karnataka,KA,India,IN
111440,Belur & Halebid,Karnataka,KA,India,IN
111484,Bharatpur,Rajasthan,RJ,India,IN
111485,Bhavnagar,Gujarat,GJ,India,IN
111486,Bhogapuram,Andhra Pradesh,AP,India,IN
111499,Bijaipur,Rajasthan,RJ,India,IN
111558,Bhubaneswar,Odisha,OR,India,IN
111574,Bilaspur,Chhattisgarh,CT,India,IN
111655,Benaulim Beach,Benaulim,WB,India,IN
111694,Bhandardara,Maharashtra ,MH,India,IN
111749,Betul,Madhya Pradesh,MP,India,IN
111932,Bhopal,Madhya Pradesh,MP,India,IN
111949,Vijapura,Karnataka,KA,India,IN
112228,Bokaro,Jharkhand,JH,India,IN
112272,Brahmapur,Odisha,OR,India,IN
112643,Bodhgaya,Bihar,BR,India,IN
112649,Bogmallo,Goa,GA,India,IN
112868,Calangute,Goa,GA,India,IN
112913,Caranzalem,Goa,GA,India,IN
113081,Bundi,Rajasthan,RJ,India,IN
113128,Kolkata,West Bengal,WB,India,IN
113160,Canacona,Goa,GA,India,IN
113347,Cansaulim Beach,Goa,GA,India,IN
113566,Cauvery,Karnataka,KA,India,IN
113675,Chail,Himachal Pradesh,HP,India,IN
113683,Changanassery,Kerala,KL,India,IN
114107,Chandigarh,Chandigarh,CH,India,IN
114117,Charholi Budruk,Maharashtra,MH,India,IN
114272,Chiplun,Maharashtra,MH,India,IN
114326,Cochin,KERALA,KL,India,IN
114357,Chinakakani,Andhra Pradesh,AP,India,IN
114523,Cherai,Kerala,KL,India,IN
114554,Churu,Rajasthan,RJ,India,IN
114566,Cavelossim,Goa,GA,India,IN
114601,Chakan,Maharashtra,MH,India,IN
114660,Chinnakanal,Kerala,KL,India,IN
114703,Chamba,Himachal Pradesh,HP,India,IN
114758,Choglamsar,Jammu And Kashmir,JK,India,IN
114793,Chidambaram,Tamil Nadu,TN,India,IN
114801,Chintpuri,Himachal Pradesh,HP,India,IN
114803,Chitrakoot,Madhya Pradesh,MP,India,IN
114804,Chittaurgarh,Rajasthan,RJ,India,IN
114811,Chorao Island,Goa,GA,India,IN
114817,Chowara,Kerala,KL,India,IN
114823,Chundale,Kerala,KL,India,IN
114936,Chamoli,Uttarakhand,UK,India,IN
114960,Chaukori,Uttarakhand,UK,India,IN
114977,Chhota Udaipur,Gujrat,GJ,India,IN
114986,Chikkamagaluru,Karnataka,KA,India,IN
114987,Chikmaglur,Karnataka,KA,India,IN
115176,Dahej,Gujarat,GJ,India,IN
115400,Coorg,Karnataka,KA,India,IN
115501,Corbett-Nationalpark,Uttarakhand,UK,India,IN
115526,Covelong,Tamil Nadu,TN,India,IN
115634,Dapoli,Maharashtra,MH,India,IN
115840,Colva,Goa,GA,India,IN
115864,Coonoor,Tamil Nadu,TN,India,IN
115880,Dharamshala,HIMACHAL PRADESH,HP,India,IN
115881,Dholpur,Rajasthan,RJ,India,IN
115884,Dibrugarh,Assam,AS,India,IN
115894,Digha,West Bengal,WB,India,IN
115896,Dimapur,Nagaland,NL,India,IN
115899,Diu,Gujarat,GJ,India,IN
115958,Durgapur,West Bengal,WB,India,IN
116021,Cuttack,Orissa,OR,India,IN
116035,Daman,Daman and Diu,DD,India,IN
116039,Dandeli,Karnataka,KA,India,IN
116074,Deogarh,Rajasthan,RJ,India,IN
116087,Dhule,Maharashtra,MH,India,IN
116164,Dehradun,Uttarakhand,UK,India,IN
116264,Darjeeling,West Bengal,WB,India,IN
116338,Dhikuli,Uttarakhand ,UK,India,IN
116460,Dundlod,Rajasthan,RJ,India,IN
116604,Dabolim,Goa,GA,India,IN
116613,Dalhousie,Himachal Pradesh,HP,India,IN
116624,Dankuni,West Bengal,WB,India,IN
117048,Durg,Chhattisgarh,CT,India,IN
117110,Edava,Kerala,KL,India,IN
117352,Devikulam,Kerala,KL,India,IN
117771,Fatehpur Sikri,Uttar Pradesh,UP,India,IN
117993,Gandhidham,Gujarat,GJ,India,IN
118129,Faridabad,Haryana,HR,India,IN
118719,Glenburn,West Bengal,WB,India,IN
118733,Gokarna,Karnataka,KA,India,IN
118805,Fatehgarh,Uttar Pradesh,UP,India,IN
118973,Ghaziabad,Uttar Pradesh,UP,India,IN
119071,Gandhinagar,Gujarat,GJ,India,IN
119221,Gangtok,Sikkim,SK,India,IN
119222,Ganpatipule,Maharashtra,MH,India,IN
119358,Gaya,Bihar,BR,India,IN
119513,Gurugram,Haryana ,HR,India,IN
119517,Guruvayur,Kerala,KL,India,IN
119613,Gangotri,Uttarakhand,UK,India,IN
119805,Goa,GOA,GA,India,IN
119924,Gulmarg,Jammu and Kashmir,JK,India,IN
119961,Hansi,Haryana,HR,India,IN
119978,Havelock Island,Andaman & Nicobar,AN,India,IN
120206,Hanumangarh,Rajasthan,RJ,India,IN
120368,Gopalpur on Sea,Odisha,OR,India,IN
120370,Gorai Beach,Maharashtra,MH,India,IN
120371,Gorakhpur,Uttar Pradesh,UP,India,IN
120439,Gwalior,Madhya Pradesh,MP,India,IN
120588,Haldwani,Uttarakhand,UK,India,IN
120871,Hassan,Karnataka,KA,India,IN
121139,Guwahati,Assam,AS,India,IN
121175,Hampi,Karnataka,KA,India,IN
121186,Haridwar,Uttarakhand,UK,India,IN
121290,Hosur,KARNATAKA,KA,India,IN
121355,Hinjawadi,Maharashtra ,MH,India,IN
121396,Hosapete,Karnataka,KA,India,IN
121509,Jabalpur,Madhya Pradesh,MP,India,IN
121557,Hoshiarpur,Punjab,PB,India,IN
121570,Hudikeri,Karnataka,KA,India,IN
121726,Indore,Madhya Pradesh,MP,India,IN
121783,Jammu,Jammu and Kashmir,JK,India,IN
121837,Kalpetta,Kerala,KL,India,IN
121841,Kamba,Gujrat,GJ,India,IN
121984,Igatpuri,Maharashtra,MH,India,IN
122108,Imphal,Manipur,MN,India,IN
122175,Jaipur,Rajasthan,RJ,India,IN
122177,Jalgaon,Maharashtra,MH,India,IN
122199,Jhansi,Uttar Pradesh,UP,India,IN
122215,Jorhat,Assam,AS,India,IN
122253,Kandaghat,Himachal Pradesh,HP,India,IN
122256,Kanniyakumari,Tamil Nadu,TN,India,IN
122275,Karnal,Haryana,HR,India,IN
122326,Jaisalmer,Rajasthan,RJ,India,IN
122327,Jalandhar,Punjab,PB,India,IN
122328,Jalpaiguri,West Bengal,WB,India,IN
122329,Jamnagar,Gujarat,GJ,India,IN
122370,Junagarh,Gujrat,GJ,India,IN
122388,Kaliel,Tamil Nadu,TN,India,IN
122406,Kanadukathan,Tamil Nadu,TN,India,IN
122511,Kalimpong,West Bengal,WB,India,IN
122522,Kannur,Kerala,KL,India,IN
122525,Kappad,Kerala,KL,India,IN
122580,Khajuraho,Madhya Pradesh,MP,India,IN
122732,Itanagar,Arunachal Pradesh,AP,India,IN
122763,Jeypore,Odisha,OR,India,IN
122798,Kutch,Gujrat,GJ,India,IN
122824,Kanchipuram,Tamil Nadu,TN,India,IN
122826,Kangra Valley,Himachal Pradesh,HP,India,IN
122848,Kasargod,Kerala,KL,India,IN
122931,Kanha,Madhya Pradesh,MP,India,IN
122932,Kanpur,Uttar Pradesh,UP,India,IN
122938,Kargil,Jammu and Kashmir,JK,India,IN
122950,Kasauli,Himachal Pradesh,HP,India,IN
122978,Kerala,Kerala,KL,India,IN
122998,Khilchipur,Madhya Pradesh,MP,India,IN
123084,Kanyakumari,Tamil Nadu,TN,India,IN
123098,Karwar,Karnataka,KA,India,IN
123108,Kathgodam,Uttarakhand ,UK,India,IN
123204,Karaikudi,Tamil Nadu,TN,India,IN
123217,Karur,Tamil Nadu,TN,India,IN
123218,Kasarde,Maharashtra,MH,India,IN
123227,Kausani,Uttarakhand,UK,India,IN
123231,Kedarnath,Uttarakhand,UK,India,IN
123258,Khajjiar,Himachal Pradesh,HP,India,IN
123259,Khandala,Maharashtra,MH,India,IN
123312,Kotagiri,Tamil Nadu,TN,India,IN
123314,Kotputli,Rajasthan,RJ,India,IN
123334,Krishnagiri,Tamil Nadu,TN,India,IN
123344,Kumarakom,Kerala,KL,India,IN
123420,Jalore,Rajasthan,RJ,India,IN
123422,Jamshedpur,Jharkhand,JH,India,IN
123445,Jispa,Himachal Pradesh,HP,India,IN
123469,Jwalamukhi,Himachal Pradesh,HP,India,IN
123476,Kakinada,Andhra Pradesh,AP,India,IN
123503,Karad,Maharashtra,MH,India,IN
123518,Kashid,Maharashtra,MH,India,IN
123519,Kashipur,Uttarakhand,UK,India,IN
123527,Kaziranga,Assam,AS,India,IN
123608,Kodaikanal,Tamil Nadu,TN,India,IN
123676,Khimsar,Rajasthan,RJ,India,IN
123774,Kumbhalgarh,Rajasthan,RJ,India,IN
123875,Kolhapur,Maharashtra,MH,India,IN
123877,Kollam,Kerala,KL,India,IN
123879,Konark,Odisha,OR,India,IN
123891,Kottayam,Kerala,KL,India,IN
123897,Kovalam,Kerala,KL,India,IN
123914,Kuchaman,Rajasthan,RJ,India,IN
124008,Kothamangalam,Kerala,KL,India,IN
124044,Kushalnagar,Karnataka,KA,India,IN
124045,Kushinagar,Uttar Pradesh,UP,India,IN
124184,Katra,Jammu and Kashmir,JK,India,IN
124514,Lakkidi,Kerala,KL,India,IN
124966,Kota,Rajasthan,RJ,India,IN
124997,Kudasan,Gujrat,GJ,India,IN
125002,Kumbakonam,Tamil Nadu,TN,India,IN
125144,Leh,Jammu and Kashmir,JK,India,IN
125485,Latur,Maharashtra,MH,India,IN
125651,Luni,Rajasthan,RJ,India,IN
125684,Mahabaleshwar,Maharashtra,MH,India,IN
125928,Ludhiana,Punjab,PB,India,IN
126117,Mahabalipuram,TAMIL NADU,TN,India,IN
126139,Mamallapuram,Tamil Nadu,TN,India,IN
126265,Maheshwar,Madhya Pradesh,MP,India,IN
126388,Manali,Himachal pradesh,HP,India,IN
126630,Lonavala,Maharashtra,MH,India,IN
126666,Lucknow,Uttar Pradesh,UP,India,IN
126802,Mandawa,Rajasthan,RJ,India,IN
126805,Mangaluru,Karnataka,KA,India,IN
126810,Manmad,Maharashtra,MH,India,IN
126817,Mararikulam,KERALA,KL,India,IN
126911,Mayiladuthurai,Tamil Nadu,TN,India,IN
126958,Malvan,Maharashtra,MH,India,IN
127067,Madurai,Tamil Nadu,TN,India,IN
127105,Malpura,Rajasthan,RJ,India,IN
127113,Mandu,Madhya Pradesh,MP,India,IN
127343,Chennai,Tamil Nadu,TN,India,IN
127352,Majorda Beach,Goa,GA,India,IN
127857,Mathura,Uttar Pradesh,UP,India,IN
128030,Murbad,Maharashtra,MH,India,IN
128573,Munnar,Kerala,KL,India,IN
128698,Mysuru,Karnataka,KA,India,IN
128734,Navi Mumbai,Maharashtra,MH,India,IN
128829,Mettupalayam,Tamil Nadu,TN,India,IN
128914,Mobor Beach,Goa,GA,India,IN
129044,Morjim,Goa,GA,India,IN
129104,Murinjapuzha,Kerala,KL,India,IN
129163,Narlai,Rajasthan,RJ,India,IN
129189,Neil Island,Andaman & Nicobar,AN,India,IN
129232,Muradabad,Uttar Pradesh,UP,India,IN
129257,Nalagarh,Himachal Pradesh,HP,India,IN
129289,Nellore,Andhra Pradesh,AP,India,IN
129415,Mukteshwar,Uttarakhand,UK,India,IN
129434,Murud,Maharashtra,MH,India,IN
129447,Nagapattinam,Tamil Nadu,TN,India,IN
129477,Nimaj,Rajasthan,RJ,India,IN
129615,Moradabad,Uttar Pradesh,UP,India,IN
129690,Mukkam,Kerala,KL,India,IN
129695,Mullor,,,India,IN
129723,Nagpur,Maharashtra,MH,India,IN
129726,Nainital,Uttarakhand,UK,India,IN
129732,Nanded,Maharashtra,MH,India,IN
129777,Nagarhole National Park,Karnataka,KA,India,IN
129778,Nagoa,Goa,GA,India,IN
129816,Neeleshwar,Kerala,KL,India,IN
129827,Nerul,Maharashtra,MH,India,IN
130105,Nalkeri,Karnataka,KA,India,IN
130137,Neemrana,RAJASTHAN,RJ,India,IN
130205,Noida,UTTAR PRADESH,UP,India,IN
130252,Orchha,Madhya Pradesh,MP,India,IN
130316,Palanpur,Gujrat,GJ,India,IN
130341,Mussoorie,Uttarakhand,UK,India,IN
130352,Nadukani,Kerala,KL,India,IN
130354,Nahar Magra,Rajasthan,RJ,India,IN
130357,Nakinda,Maharashtra,MH,India,IN
130358,Namchi,Sikkim,SK,India,IN
130443,Delhi,DELHI,DL,India,IN
130749,Palani,Tamil Nadu,TN,India,IN
130799,Orissa,Odisha,OR,India,IN
130852,Padappai,Tamil Nadu,TN,India,IN
130990,Ooty,Tamil Nadu,TN,India,IN
131002,Panchkula,Haryana,HR,India,IN
131027,Pathanamthitta,Kerala,KL,India,IN
131028,Patnitop,Jammu and Kashmir,JK,India,IN
131276,Omkareshwar,Madhya Pradesh,MP,India,IN
131375,Pahalgam,Jammu and Kashmir,JK,India,IN
131392,Palolem Beach,Goa,GA,India,IN
131394,Panchgani,Maharashtra,MH,India,IN
131398,Panaji,Goa,GA,India,IN
131406,Paragpur,Himachal Pradesh,HP,India,IN
131437,Panna,Madhya Pradesh,MP,India,IN
131523,Phalodi,Rajasthan,RJ,India,IN
131544,Panvel,Maharashtra ,MH,India,IN
131552,Paravur,Kerala,KL,India,IN
131597,Pernem,Goa,GA,India,IN
131721,Pakhal,Telangana,TG,India,IN
132015,Pachmarhi,Madhya Pradesh,MP,India,IN
132025,Palakkad,Kerala,KL,India,IN
132055,Parra,Goa,GA,India,IN
132089,Pench,Madhya Pradesh,MP,India,IN
132133,Periyar,Kerala,KL,India,IN
132183,Pinjore,Haryana,HR,India,IN
132282,Pollachi,Tamil Nadu,TN,India,IN
132292,Ponmudi,Kerala,KL,India,IN
132429,Patna,Bihar,BR,India,IN
132561,Puducherry,Tamil Nadu,TN,India,IN
132593,Puri,Orissa,OR,India,IN
132621,Ramgarh,Jharkhand,Jh,India,IN
132705,Pathankot,Punjab,PB,India,IN
132724,Pench Nationalpark,Madhya Pradesh,MP,India,IN
132753,Phagwara,Punjab,PB,India,IN
133133,Pune,Maharashtra,MH,India,IN
133175,Rajgir,Bihar,BR,India,IN
133177,Ramakkalmedu,Kerala,KL,India,IN
133179,Rameshwaram,Tamil Nadu,TN,India,IN
133214,Pokhran,Rajasthan,RJ,India,IN
133295,Ravangla,Sikkim,SK,India,IN
133418,Pimpri-Chinchwad,Maharashtra,MH,India,IN
133497,Poovar,Kerala,KL,India,IN
133551,Porbandar,Gujarat,GJ,India,IN
133556,Port Blair,Andaman And Nicobar,AN,India,IN
133672,Raipur,Chhattisgarh,CT,India,IN
133676,Ranakpur,Rajasthan,RJ,India,IN
133687,Ratnagiri,Maharashtra,MH,India,IN
133760,Ranchi,Jharkhand,JH,India,IN
133838,Ranikhet,Uttarakhand,UK,India,IN
134001,Pushkar,Rajasthan,RJ,India,IN
134040,Rajahmahendravaram,Andhra Pradesh,AP,India,IN
134041,Rajgarh,Madhya Pradesh,MP,India,IN
134058,Rohtak,Haryana,HR,India,IN
134170,Pulamanthole,Kerala,KL,India,IN
134178,Puttaparthi,Andhra Pradesh,AP,India,IN
134211,Rajkot,Gujarat,GJ,India,IN
134213,Ramathra Fort,Rajasthan,RJ,India,IN
134214,Ramnagar,Uttarakhand ,UK,India,IN
134224,Ranthambore Nationalpark,Rajasthan,RJ,India,IN
134643,Rourkela,Orissa,OR,India,IN
134932,Rishikesh,Uttarakhand,UK,India,IN
135522,Sanchi,Madhya Pradesh,MP,India,IN
135586,Sariska National Park,Rajasthan,RJ,India,IN
135694,Saligao,Goa,GA,India,IN
135778,Rudraprayag,Uttarakhand,UK,India,IN
135916,Salem,Tamil Nadu,TN,India,IN
136093,Sardargarh,Rajasthan,RJ,India,IN
136285,Shamirpet,Telangana,TG,India,IN
136312,Sikar,Rajasthan,RJ,India,IN
136409,Satara,Maharashtra,MH,India,IN
136501,Sangli,Maharashtra,MH,India,IN
136555,Sasan Gir,Gujarat,GJ,India,IN
136656,Sawai Madhopur,Rajasthan,RJ,India,IN
136748,Secunderabad,Telangana,TL,India,IN
136766,Seoni,Madhya Pradesh,MP,India,IN
136801,Shekhawati,Rajasthan,RJ,India,IN
137118,Srikakulam,Andhra Pradesh,AP,India,IN
137316,Shirdi,Maharashtra,MH,India,IN
137380,Shahpura,Rajasthan,RJ,India,IN
137404,Siana,Rajasthan,RJ,India,IN
137470,Sindhudi,Gujarat,GJ,India,IN
137568,Shantiniketan,West Bengal,WB,India,IN
137750,Shivpuri,Madhya Pradesh,MP,India,IN
138010,Siolim,Goa,GA,India,IN
138049,Somnath,Gujarat,GJ,India,IN
138127,Solan,Himachal Pradesh,HP,India,IN
138128,Solapur,Maharashtra,MH,India,IN
138370,Sriperumbudur,Tamil Nadu,TN,India,IN
138484,Sonamarg,Jammu And Kashmir,JK,India,IN
138523,Sravasti,Uttar Pradesh,UP,India,IN
138628,Thanneermukkom,Kerala,KL,India,IN
138670,Shillong,Meghalaya,ML,India,IN
138673,Shimla,Himachal Pradesh,HP,India,IN
138706,Sinquerim Beach,Goa,GA,India,IN
139069,Tezpur,Assam,AS,India,IN
139071,Thalassery,Kerala,KL,India,IN
139315,Tiruvannamalai,Tamil Nadu,TN,India,IN
139456,Srinagar,Jammu and Kashmir,JK,India,IN
139526,Surat,Gujarat,GJ,India,IN
139605,Thanjavur,Tamil Nadu,TN,India,IN
139609,Thekkady,Kerala,KL,India,IN
139669,Tala,Maharashtra,MH,India,IN
139699,Tawang,Arunachal Pradesh,AP,India,IN
139744,Theni,Tamil Nadu,TN,India,IN
139820,Trivandrum,Kerala,KL,India,IN
139974,Tarangambadi,Tamil Nadu,TN,India,IN
140020,Thane,Maharashtra,MH,India,IN
140032,Thrissur,Kerala,KL,India,IN
140098,Uchiyarda,Rajasthan,RJ,India,IN
140143,Uttarkashi,Uttarakhand,UK,India,IN
140235,Sunderban,West Bengal,WB,India,IN
140310,Tirunelveli,Tamil Nadu,TN,India,IN
140311,Tirupati,Andhra Pradesh,AP,India,IN
140415,Thiksey,Jammu And Kashmir,JK,India,IN
140522,Udaipur,Rajasthan,RJ,India,IN
140575,Vainguinim Beach,Goa,GA,India,IN
140593,Vallikunnam,Kerala,KL,India,IN
140701,Ujjain,Madhya Pradesh,MP,India,IN
141054,Tiruppur,Tamil Nadu,TN,India,IN
141097,Una,Himachal Pradesh,HP,India,IN
141147,Vapi,Gujarat,GJ,India,IN
141231,Thoothukudi,Tamil Nadu,TN,India,IN
141371,Vizhinjam,Kerala,KL,India,IN
141391,Vrindavan,Uttar Pradesh,UP,India,IN
141450,Varca Beach,Goa,GA,India,IN
141528,Turia,West Bengal,WB,India,IN
141578,Utorda Beach,Goa,GA,India,IN
141587,Vadodara,Gujarat,GJ,India,IN
141615,Vandanmedu,Kerala,KL,India,IN
141618,Varanasi,Uttar Pradesh,UP,India,IN
141630,Vazhoor,Kerala,KL,India,IN
141832,Umaria,Madhya Pradesh,MP,India,IN
141960,Wankaner,Gujrat,GJ,India,IN
141976,Varkala,Kerala,KL,India,IN
141980,Vasai,Maharashtra ,MH,India,IN
142198,Visakhapatnam,Andhra Pradesh,AP,India,IN
142295,Velsao Beach,Goa,GA,India,IN
142563,Veraval,Gujarat,GJ,India,IN
143329,Yercaud,Tamil Nadu,TN,India,IN
143481,Wuste Thar,Rajasthan,RJ,India,IN
143639,Yamunotri,Uttarakhand,UK,India,IN
143727,Whitefield,Karnataka,KA,India,IN
143798,Yavatmal,Maharashtra,MH,India,IN
144227,Bheeramballi,Karnataka,KA,India,IN
144229,Bhiwandi,Maharashtra,MH,India,IN
144230,Bhuj,Gujarat,GJ,India,IN
144247,Bikaner,Rajasthan,RJ,India,IN
144306,Mumbai,Maharashtra,MH,India,IN
144475,Kozhikode,Kerala,KL,India,IN
144510,Candolim Beach,Goa,GA,India,IN
144735,Coimbatore,Tamil Nadu,TN,India,IN
144874,Dausa,Rajasthan,RJ,India,IN
144913,Dharmapuri,Tamil Nadu,TN,India,IN
144950,Dooars,West Bengal,WB,India,IN
144996,Dungarpur,Rajasthan,RJ,India,IN
145006,Dwarka,New Delhi,DL,India,IN
145110,Ernakulam,Kerala,KL,India,IN
145430,Greater Noida,Uttar Pradesh,UP,India,IN
145660,Hooghly,West Bengal,WB,India,IN
145687,Howrah,West Bengal,WB,India,IN
145694,Hubballi-Dharwad,Karnataka,KA,India,IN
145710,Hyderabad,Andra Pradesh,AP,India,IN
145836,Jodhpur,Rajasthan,RJ,India,IN
145856,Kadmat Island,Lakshadweep,LD,India,IN
145872,Kalyan,Maharashtra,MH,India,IN
146047,Kullu,HIMACHAL PRADESH,HP,India,IN
146051,Kumily,Kerala,KL,India,IN
146091,Lachung,Sikkim,SK,India,IN
146104,Lahaul and Spiti,Himachal Pradesh,HP,India,IN
146184,Lava,Maharashtra,MH,India,IN
146447,Malappuram,Kerala,KL,India,IN
146462,Mandi,Himachal Pradesh,HP,India,IN
146481,Maradu,Kerala,KL,India,IN
146484,Marari Beach,Kerala,KL,India,IN
146533,Mashobra,Himachal Pradesh,HP,India,IN
146545,Matheran,Maharashtra,MH,India,IN
146575,Meerut,Uttar Pradesh,UP,India,IN
146752,Mount Abu,Rajasthan,RJ,India,IN
146768,Mukundgarh,Rajasthan,RJ,India,IN
146776,Munsiyari,Uttarakhand,UK,India,IN
146814,Nashik,Maharashtra,MH,India,IN
146820,Nattika,Kerala,KL,India,IN
146825,Nawalgarh,Rajasthan,RJ,India,IN
147070,Palampur,Himachal Pradesh,HP,India,IN
147075,Pali,Rajasthan,RJ,India,IN
147083,Pandikkad,Kerala,KL,India,IN
147088,Panipat,Haryana,HR,India,IN
147106,Parwanoo,Himachal Pradesh,HP,India,IN
147140,Pelling,Sikkim,SK,India,IN
147410,Purakkad,Kerala,KL,India,IN
147442,Raigad,Maharashtra,MH,India,IN
147501,Rewari,Delhi National Territory,NCR,India,IN
147554,Rohet,Rajasthan,RJ,India,IN
147607,Sahibzada Ajit Singh Nagar,Punjab,PB,India,IN
147780,Satna,Madhya Pradesh,MP,India,IN
147891,Shivamogga,Karnataka,KA,India,IN
147912,Siliguri,West Bengal,WB,India,IN
147914,Silvassa,Dadra and Nagar Have,DN,India,IN
148240,Tiruchirappalli,Tamil Nadu,TN,India,IN
148363,Udupi,Karnataka,KA,India,IN
148374,Unchagaon,Uttar Pradesh,UP,India,IN
148406,Vagamon,Kerala,KL,India,IN
148407,Vagator,Goa,GA,India,IN
148446,Vayalar,Kerala,KL,India,IN
148450,Velangani,Tamil Nadu,TN,India,IN
148459,Vellore,Tamil Nadu,TN,India,IN
148500,Vijayawada,Andhra Pradesh,AP,India,IN
148630,Wayanad,Kerala,KL,India,IN
148767,Yelagiri,Tamil Nadu,TN,India,IN
148834,Burhanpur,Madhya Pradesh,MP,India,IN
148835,Alipurduar,West Bengal,WB,India,IN
148844,Jhunjhunu,Rajasthan,RJ,India,IN
148857,Balaghat,Madhya Pradesh,MP,India,IN
148869,Karauli,Rajasthan,RJ,India,IN
148870,CHILLING,Jammu and Kashmir,JK,India,IN
148892,Hemis Skupachan,Jammu and Kashmir,JK,India,IN
148896,LINGSHED,Jammu and Kashmir,JK,India,IN
148897,Satpura,Madhya Pradesh,MP,India,IN
148898,SHINGRAK,Jammu and Kashmir,JK,India,IN
148900,DEEPYOKMA,Jammu and Kashmir,JK,India,IN
148901,Thiruvananthapuram,Kerala,KL,India,IN
148902,Kishangarh,Rajasthan,RJ,India,IN
148903,Lataguri,West Bengal,WB,India,IN
148983,Bali,Rajasthan,RJ,India,IN
150162,North Lakhimpur,Assam,AS,India,IN
150171,Baddi,Himachal Pradesh,HP,India,IN
150174,Kumbalgarh,Rajasthan,RJ,India,IN
150180,Roorkee,Uttarakhand,UK,India,IN
150203,Nedumbassery,Kerala,KL,India,IN
150235,Hubballi,Karnataka,KA,India,IN
150242,Benaulim,Goa,GA,India,IN
150248,Zirakpur,Punjab,PB,India,IN
150284,Chalakudy,Kerala,KL,India,IN
150287,TIB BAGO,Jammu and Kashmir,JK,India,IN
150356,Midnapur,West Bengal,WB,India,IN
150357,NYERAK,Jammu Kashmir,JK,India,IN
150358,Pondicherry,Tamil Nadu,TN,India,IN
150359,Rudrapur,Uttarakhand,UK,India,IN
150360,Shahpur,Maharashtra,MH,India,IN
150361,Silchar,Assam,AS,India,IN
150362,Tarapith,West Bengal,WB,India,IN
150363,Ladakh,Jammu and Kashmir,JK,India,IN
150387,ZARIBAGO,Jammu and Kashmir,JK,India,IN
150392,Muzaffarnagar,Uttar Pradesh,UP,India,IN
150396,Yuksom,Sikkim,SK,India,IN
150397,Kadapa,Andhra Pradesh,AP,India,IN
150412,Athirapally,Kerala,KL,India,IN
150469,Jagdalpur,Chhattisgarh,CT,India,IN
150594,Guna,Madhya Pradesh,MP,India,IN
150615,Keshod,Gujarat,GJ,India,IN
150632,Malda,West Bengal,WB,India,IN
150649,Neyveli,Tamil Nadu,Tn,India,IN
150697,Bagdogra,WEST BENGAL,WB,India,IN
150731,Dhanbad,Jharkhand,JH,India,IN
150800,Pantnagar,Uttarakhand,UK,India,IN
150930,Rewa,Madhya Pradesh,MP,India,IN
150936,Rupsi,Assam,AS,India,IN
150951,Balurghat,West Bengal,WB,India,IN
150965,Car Nicobar,Andaman & Nicobar,AN,India,IN
151112,Kailashahar,Tripura,TR,India,IN
151198,Kamalpur,Tripura,TR,India,IN
151339,Along,Arunachal Pradesh,AP,India,IN
151439,Dirang,Arunachal Pradesh,AP,India,IN
151469,Kandla,Gujarat,GJ,India,IN
151536,Muzaffarpur,Bihar,BR,India,IN
151612,Vythiri,Kerala,KL,India,IN
151614,Warangal,Telangana,TL,India,IN
151654,Ramagundam,Telangana,TG,India,IN
151811,Bhalukpong,Arunachal Pradesh,AP,India,IN
151812,Mehsana,Gujarat,GJ,India,IN
151833,Naldehra,Himachal,,India,IN
151834,Taboda,Maharashtra,,India,IN
151835,Sonmarg,Jammu and Kashmir,,India,IN
151836,Ashtamudi,Kerala,,India,IN
151837,Kidanganad,Kerala,,India,IN
151840,Pragpur,Himachal Pradesh,,India,IN
151841,Kantal,Uttarakhand,,India,IN
151842,Baiguney,Sikkim,,India,IN
151843,Bongaigaon,Assam,,India,IN
151844,Kurukshetra,Haryana,,India,IN
151845,Nathdwara,Rajasthan,,India,IN
151846,Nawanshahar,Punjab,,India,IN
151847,Sattal,Uttarakhand,,India,IN
151848,Sonipat,Haryana,,India,IN
151849,Sultanpur,Uttar Pradesh,,India,IN
151850,Tadoba,Maharashtra,,India,IN
151851,NEIL ISLAND,Andaman Islands,Andaman Is,India,IN
151859,KATPADI,TAMIL NADU,,India,IN
151860,Rameswaram,TAMIL NADU,,India,IN
151861,Parbhani,Maharashtra,,India,IN
